"county_name","confirmed_cases","deaths","total_pop","male_pop","female_pop","white_pop","black_pop","asian_pop","hispanic_pop","amerindian_pop","other_race_pop","median_income","income_less_50K","income_50K_100K","income_100K_150K","income_150K_more","rent_under_50_percent","rent_over_50_percent","median_age","male_0_20","male_21_49","male_50_above","female_0_20","female_21_49","female_50_above","unemployed_pop","employed_pop","commute","worked_at_home","walked_to_work","retail_and_recreation_percent_change_from_baseline","grocery_and_pharmacy_percent_change_from_baseline","parks_percent_change_from_baseline","transit_stations_percent_change_from_baseline","workplaces_percent_change_from_baseline","residential_percent_change_from_baseline","cases_per_10000","deaths_per_10000","death_per_case"
"Anderson County",5575,75,57747,35292,22455,34468,12075,314,9981,160,11,42313,9357,4937,1499,774,3330,845,39.1,7028,18003,11065,5950,7753,9555,850,19102,35874,674,92,-15,-17,-23.0612244897959,-11.0555555555556,-18,6,965.418116958457,12.9876876720869,0.0134529147982063
"Andrews County",1606,37,17577,8980,8597,7229,265,37,9737,16,0,70753,2096,1616,920,781,1049,202,31.6,3255,3472,2419,3077,3181,2520,383,8054,15488,204,0,-28,-10.86,-23.0612244897959,14,-25,8.93693693693694,913.694031973602,21.0502361039995,0.0230386052303861
"Angelina County",6765,193,87700,42707,44993,53704,12878,933,18871,60,94,46472,16358,9885,3111,1577,7108,2261,36.8,13521,15235,15408,13142,16121,16863,2971,36164,67476,777,613,-13,-9,-23.0612244897959,-6,-20,8,771.379703534778,22.0068415051311,0.0285291943828529
"Aransas County",895,26,24832,12448,12384,16803,390,500,6714,6,26,44601,5077,2460,1104,888,1644,479,49.6,2970,3504,6703,2491,3541,7026,750,10387,17910,683,281,-16,1,-23,-11.0555555555556,-21,6,360.422036082474,10.4703608247423,0.0290502793296089
"Archer County",694,10,8793,4335,4458,7787,74,34,731,23,0,63192,1387,1111,564,289,419,54,44.8,1218,1368,1864,1074,1335,2161,133,4344,7994,200,41,-17.2477876106195,-10.86,-23.0612244897959,-11.0555555555556,-17,8.93693693693694,789.264187421813,11.3726828158763,0.0144092219020173
"Atascosa County",3781,90,48139,24051,24088,16480,353,186,30585,55,12,55194,6911,5167,2228,1203,2573,490,35.4,7697,8975,7995,7410,8654,8506,1319,20208,36320,1165,213,-13,-13,-23.0612244897959,-11.0555555555556,-26,11,785.4338478157,18.6958599056898,0.0238032266596139
"Austin County",1404,18,29292,14474,14818,18533,2601,58,7598,11,28,62614,4634,3216,2088,1083,1919,546,40.9,4055,4846,5976,4001,4782,6487,773,13509,24490,610,253,-10,-1,-23.0612244897959,-11.0555555555556,-18,7,479.311757476444,6.14502253174928,0.0128205128205128
"Bailey County",742,15,7098,3678,3420,2459,108,63,4447,5,0,43523,1350,617,176,87,480,60,35.2,1226,1231,1254,1261,1089,1243,72,3157,4760,263,179,-17.2477876106195,-10.86,-23.0612244897959,-11.0555555555556,-22,8.93693693693694,1045.36489151874,21.1327134404058,0.0202156334231806
"Bandera County",820,20,21316,10570,10746,16788,213,47,3836,48,16,56413,3737,2654,1135,752,858,142,52,2193,2933,6018,1990,2960,6433,523,8682,15248,644,159,-17.2477876106195,-10.86,-23.0612244897959,-11.0555555555556,-24,11,384.687558641396,9.38262338149747,0.024390243902439
"Bastrop County",4373,57,80306,40845,39461,43147,6219,686,28883,353,368,59185,11035,8389,4428,2163,4231,1003,38.8,12166,14735,15061,11735,13309,15217,2809,33500,60970,1277,450,-15,-9,-23.0612244897959,-11.0555555555556,-30,12,544.542126366648,7.0978507209922,0.0130345300708896
"Bee County",3082,53,32729,19883,12846,10555,2697,155,19058,151,27,45415,4828,2414,810,479,2177,530,35.2,4431,10327,5474,4067,4351,4739,680,10125,18594,263,259,-21,-12,-23.0612244897959,-11.0555555555556,-31,10,941.672522839072,16.1935897827615,0.0171966255678131
"Bell County",16512,214,336506,168147,168359,158932,70588,9378,80846,977,325,52583,54335,40330,14152,7580,40412,9021,30.6,56058,73455,41622,52934,70329,48081,12218,135361,281247,5304,3202,-23,-15,-28,12,-24,10,490.689616232697,6.35947055921737,0.0129602713178295
"Bexar County",152231,2040,1892004,932577,959427,537451,133212,49745,1130949,2866,2844,53999,289607,195191,83763,59328,185966,56912,33.3,296513,392998,262676,282748,389002,308409,56840,867502,1613834,36333,14830,-25,-14,-46,-36,-39,14,804.601893019254,10.7822182194118,0.0134006871136628
"Blanco County",318,11,11089,5576,5513,8601,1,64,2119,0,0,58500,1873,1415,493,449,742,109,49.5,1367,1538,2988,1100,1591,3050,308,5106,8548,454,151,-17.2477876106195,-10.86,-23.0612244897959,-11.0555555555556,-21,8.93693693693694,286.770673640545,9.9197402831635,0.0345911949685535
"Bosque County",988,20,17955,8831,9124,14127,246,57,3154,59,0,48677,3586,2231,843,367,1109,231,46.5,2246,2612,4506,2148,2688,4740,406,7475,13054,364,331,-17.2477876106195,-10.86,-23.0612244897959,-11.0555555555556,-16,8.93693693693694,550.26455026455,11.1389585073796,0.0202429149797571
"Bowie County",4876,139,93635,47173,46462,60361,22371,892,6932,792,30,46283,17777,9703,3256,2435,7725,2625,38.2,13072,19032,16569,12541,16484,19121,2876,36668,68636,913,320,-14,-12,-16,11,-20,6,520.745447749239,14.8448763816949,0.02850697292863
"Brazoria County",26046,277,345995,175156,170839,169835,44790,21494,102715,1054,443,76426,37815,36759,22883,19631,24002,5848,35.6,54288,71200,53176,50593,68260,55692,8439,162270,306260,4545,1351,-11,-5,-10,-33,-28,11,752.785444876371,8.0058960389601,0.0106350303309529
"Brazos County",16634,162,214231,108478,105753,121439,21819,12857,53696,238,214,43907,42106,19996,8717,6661,24768,14905,25.8,36652,50725,22954,34701,47191,25547,5095,103649,184866,3415,2511,-20,-10,-17,-36,-33,10,776.451587305292,7.56193081300092,0.00973908861368282
"Brewster County",945,8,9220,4464,4756,4768,13,99,4079,153,12,38906,2475,862,354,241,1373,187,43.1,889,1694,2182,1234,1611,2036,318,4151,7448,196,111,-17.2477876106195,-10.86,-23.0612244897959,-11.0555555555556,-24,8.93693693693694,1024.94577006508,8.67678958785249,0.00846560846560847
"Brooks County",685,29,7251,3750,3501,417,5,0,6824,0,0,24794,1432,424,138,28,330,183,31.8,1212,1685,916,1180,1193,1255,400,2489,4508,43,76,-17.2477876106195,-10.86,-23.0612244897959,-35,-19,8.93693693693694,944.697283133361,39.9944835195146,0.0423357664233577
"Brown County",3382,81,37787,18741,19046,27465,1369,238,8119,92,3,43062,7736,4087,1322,690,2756,485,41,5312,6362,7607,5052,6208,8562,684,15238,28732,347,231,-13,-10,-23.0612244897959,-11.0555555555556,-14,6,895.0168047212,21.4359435784794,0.0239503252513306
"Burleson County",1093,22,17596,8781,8815,11561,2169,59,3537,31,0,52510,3058,2268,743,496,813,210,42.9,2503,2787,3785,2079,2970,4133,557,7697,14286,193,85,-17.2477876106195,-10.86,-23.0612244897959,-11.0555555555556,-20,8.93693693693694,621.163900886565,12.5028415548988,0.020128087831656
"Burnet County",2196,34,45017,22234,22783,33365,696,328,9857,276,0,57173,7398,5388,2383,1376,2810,706,44,5742,7089,10203,5619,6895,11123,869,19567,34405,1268,514,-21,-16,-23.0612244897959,-11.0555555555556,-22,10,487.815714063576,7.55270231245974,0.0154826958105647
"Caldwell County",2738,55,40544,20563,19981,16661,2458,393,20537,86,0,51346,6271,4216,1629,778,2989,867,35.8,6515,7685,6819,5464,7769,7270,649,18238,32684,722,645,-17,-9,-23.0612244897959,-4,-30,14,675.315706393054,13.5655090765588,0.0200876552227904
"Calhoun County",1361,13,21821,10976,10845,9426,567,1079,10503,13,0,58788,3310,2591,1338,494,1449,342,37.7,3333,3833,4151,3157,3737,4220,651,9676,17978,299,87,-8,6,-23.0612244897959,-11.0555555555556,-19,6,623.711103982402,5.95756381467394,0.00955180014695077
"Callahan County",931,28,13660,6650,7010,11862,201,33,1249,8,0,40945,3027,1620,381,263,593,109,43.3,1866,2014,2987,1901,2080,3371,187,5128,9420,272,40,-17.2477876106195,-10.86,-23.0612244897959,-6,-13,8.93693693693694,681.551976573939,20.497803806735,0.0300751879699248
"Cameron County",32698,1126,420201,203657,216544,39240,1560,2706,375256,514,150,36095,75993,30980,10125,5090,24973,9797,31.4,77956,73638,56451,75495,77670,68911,13375,153938,287034,3654,2034,-28,-17,-34,-50,-35,11,778.151408492602,26.7966996746795,0.0344363569637287
"Camp County",969,32,12670,6215,6455,7168,2140,40,3034,49,0,41811,2737,1355,452,186,953,334,36.8,2004,1981,2470,1858,2176,2637,344,5274,9934,187,6,-17.2477876106195,-10.86,-23.0612244897959,-11.0555555555556,-23,8.93693693693694,764.798737174428,25.2565114443567,0.0330237358101135
"Carson County",331,11,6033,2888,3145,5215,39,32,586,23,0,67010,796,892,359,245,241,9,41.1,843,925,1220,927,1027,1317,57,2896,5414,92,6,-17.2477876106195,-10.86,-23.0612244897959,-11.0555555555556,-14,8.93693693693694,548.649096635173,18.2330515498094,0.0332326283987915
"Cass County",1499,59,30118,14599,15519,23015,5106,128,1306,4,2,41432,6812,3439,1132,428,1782,337,42.9,4202,4531,6347,3860,4894,7357,941,11991,22280,237,71,-4,-10.86,-23.0612244897959,-5,-13,7,497.709011222525,19.5896141842088,0.0393595730486991
"Castro County",832,22,7891,3958,3933,2595,54,93,5039,6,10,44643,1399,704,225,134,507,105,34.4,1424,1244,1365,1408,1235,1380,144,3289,5872,128,77,-17.2477876106195,-10.86,-23.0612244897959,-11.0555555555556,-14,8.93693693693694,1054.36573311367,27.8798631352173,0.0264423076923077
"Chambers County",3431,13,39283,19679,19604,26720,3154,506,8396,42,0,74368,4911,3302,2567,2540,1650,385,35.4,6609,7284,6398,6149,7593,6261,1168,16713,31650,347,150,-17,-12,-23.0612244897959,-17,-24,9,873.405798946109,3.3093195529873,0.00378898280384727
"Cherokee County",3491,92,51594,26307,25287,31603,6991,302,11605,264,12,44294,9903,4952,1916,1114,3083,847,38,8017,9479,9776,7295,8607,10209,1325,20526,38298,546,403,-12,-6,-23.0612244897959,-11.0555555555556,-20,10,676.629065395201,17.8315307981548,0.0263534803781152
"Childress County",1292,13,7064,3933,3131,4525,512,102,1536,68,0,40432,1349,670,167,96,746,129,32.8,679,2221,1099,924,1047,1221,138,2515,4782,68,23,-17.2477876106195,-10.86,-23.0612244897959,-11.0555555555556,-12,8.93693693693694,1828.99207248018,18.4031710079275,0.010061919504644
"Clay County",874,13,10369,5184,5185,9370,56,29,587,126,0,46863,2142,1092,557,285,287,130,46,1322,1569,2483,1194,1594,2657,337,4373,7820,191,108,-17.2477876106195,-10.86,-23.0612244897959,-11.0555555555556,-11,8.93693693693694,842.897097116405,12.5373710097406,0.0148741418764302
"Coleman County",579,20,8422,4282,4140,6512,231,70,1465,64,0,40804,2225,780,240,225,650,151,46.6,999,1377,2145,993,1109,2235,177,3310,6230,81,25,-17.2477876106195,-10.86,-23.0612244897959,-11.0555555555556,-16,8.93693693693694,687.485157919734,23.7473284255521,0.0345423143350604
"Collin County",64721,483,914075,448915,465160,540387,84259,123495,137871,2858,2377,90124,83786,94461,67211,78447,86808,20174,36.5,141496,186343,130038,135506,194385,143653,21074,474671,836451,39929,3796,-26,-15,-20,-37,-44,18,708.049120695785,5.28403030385909,0.00746280187265339
"Colorado County",1251,17,20913,10487,10426,11918,2727,14,6045,30,0,50241,3777,2276,963,587,1012,112,43.4,2983,3137,4763,2736,3102,5006,281,9491,17832,330,93,-17.2477876106195,-10.86,-23.0612244897959,-11,-16,8.93693693693694,598.192511834744,8.12891502892937,0.0135891286970424
"Comal County",7314,190,129100,63732,65368,88661,2547,1344,34565,124,132,73655,16004,14870,8258,8121,8766,2111,42.2,17113,22145,26741,16544,21997,28904,2354,59833,105429,4480,939,-20,2,-46,-10,-29,11,566.537567776917,14.7172734314485,0.0259775772491113
"Comanche County",1118,36,13492,6710,6782,9504,90,81,3677,62,1,42419,2950,1529,495,133,646,119,44.4,1944,1910,3168,1649,2074,3292,203,5454,9916,206,145,-17.2477876106195,-10.86,-23.0612244897959,-11.0555555555556,-20,8.93693693693694,828.639193596205,26.6824785057812,0.0322003577817531
"Cooke County",2806,48,39064,19358,19706,29844,976,337,6774,259,25,60027,6573,4834,2340,1438,3396,642,40.5,5560,6571,8110,5153,6807,8385,1023,18724,33626,843,285,-15,-4,-23.0612244897959,-11.0555555555556,-22,7,718.308416956789,12.2875281589187,0.0171062009978617
"Coryell County",4312,45,75818,37921,37897,45085,10391,1338,13459,456,25,50865,10959,7886,2635,944,7275,1380,31.2,11576,18626,8264,10203,18208,10235,2568,23306,53322,1408,2260,-27,-7,-38,-11.0555555555556,-19,8,568.730380648395,5.93526603181303,0.0104359925788497
"Crane County",487,11,4836,2515,2321,1591,201,0,3036,3,0,63935,550,534,271,124,204,62,32.1,946,922,679,788,806,785,55,2023,3849,8,15,-17.2477876106195,-10.86,-23.0612244897959,-11.0555555555556,-33,8.93693693693694,1007.0306038048,22.7460711331679,0.0225872689938398
"Crosby County",383,22,5895,2918,2977,2358,218,0,3266,0,0,38674,1329,537,123,75,410,75,37.7,962,953,1077,915,940,1245,209,2519,4586,32,53,-17.2477876106195,-10.86,-23.0612244897959,-11.0555555555556,-26,8.93693693693694,649.703138252757,37.3197625106022,0.0574412532637076
"Culberson County",294,4,2257,1162,1095,392,8,6,1821,0,0,33125,494,193,36,12,144,50,41.2,295,378,508,311,353,438,55,974,1722,31,25,-17.2477876106195,-10.86,-23.0612244897959,-11,-22.6871794871795,8.93693693693694,1302.61408949934,17.7226406734603,0.0136054421768707
"Dallam County",466,20,7207,3880,3327,3692,124,63,3157,84,34,45580,1311,802,169,150,762,90,32.1,1483,1414,1034,1031,1378,975,135,3501,6587,79,61,-17.2477876106195,-10.86,-23.0612244897959,-11.0555555555556,-23,8.93693693693694,646.5935895657,27.7507978354378,0.0429184549356223
"Dallas County",234625,2453,2552213,1257751,1294462,771258,563220,152045,1011374,4450,4485,53626,420423,271474,110728,103554,332241,95830,33.3,400060,538053,342619,382841,543789,392545,78641,1252101,2266027,52387,18491,-28,-17,-33,-42,-38,13,919.300230819293,9.61126677122952,0.0104549813532232
"Dawson County",1575,59,13095,7274,5821,4752,740,112,7390,52,0,43201,2477,1134,488,240,851,93,33.1,1854,3517,2049,1851,1908,2250,355,4968,8987,139,110,-17.2477876106195,-10.86,-23.0612244897959,-11.0555555555556,-20,8.93693693693694,1202.74914089347,45.0553646429935,0.0374603174603175
"DeWitt County",1553,50,20474,10697,9777,11383,1852,1,7062,0,0,50960,3582,1967,870,841,1220,278,41.2,2752,3947,4288,2478,2989,4669,551,7965,14478,302,181,-17.2477876106195,-10.86,-23.0612244897959,-11.0555555555556,-16,8.93693693693694,758.523004786559,24.4212171534629,0.0321957501609788
"Deaf Smith County",2418,60,18947,9499,9448,4914,148,94,13574,51,22,51543,2951,2157,812,198,1446,356,31.8,3557,3415,2695,3192,3448,2971,452,8619,16054,186,29,-17.2477876106195,-10.86,-23.0612244897959,-11.0555555555556,-21,8.93693693693694,1276.19148150103,31.6672824193804,0.0248138957816377
"Denton County",46272,439,781321,384390,396931,475452,70796,60788,149286,2289,1602,80290,81985,83775,54187,55217,73940,19547,34.9,119052,166643,105803,115245,171870,116286,19739,419189,741492,29032,5486,-21,-13,-4,-45,-42,16,592.227778339504,5.61868937350973,0.00948737897648686
"Dimmit County",904,13,10822,5284,5538,1429,6,21,9362,0,0,31384,2368,718,216,174,609,193,33.5,1817,1814,1888,2120,1674,1868,671,3805,6724,251,115,-17.2477876106195,-10.86,-23.0612244897959,-17,-43,8.93693693693694,835.335427832194,12.0125669931621,0.0143805309734513
"Duval County",1058,32,11434,5891,5543,1025,165,32,10211,0,1,35443,2465,897,230,253,973,98,36.8,1687,2344,2034,1680,1830,2308,622,3950,6888,238,121,-17.2477876106195,-10.86,-23.0612244897959,-11.0555555555556,-27,8.93693693693694,925.310477523176,27.9867063145006,0.0302457466918715
"Eastland County",972,23,18278,9337,8941,14595,411,44,2923,76,0,32135,4439,1307,351,340,1047,168,43,2682,2853,4054,2158,2634,4504,419,6910,13104,47,175,-17.2477876106195,-10.86,-23.0612244897959,-16,-14,8.93693693693694,531.786847576321,12.5834336360652,0.0236625514403292
"Ector County",12222,269,155744,78798,76946,53705,6451,1628,91475,283,238,59528,21587,16462,8096,5330,12798,2830,30.3,27676,32645,19633,25937,30403,21957,5349,72576,136142,1559,1183,-29,-21,-23.0612244897959,-28,-31,10,784.749332237518,17.2719334292172,0.022009491081656
"El Paso County",107552,1940,834825,409199,425626,103880,25333,8801,686173,2344,419,43244,148982,74071,25925,14222,73181,19775,31.9,139714,167493,109200,134656,164411,136600,25629,341350,647479,12184,6964,-33,-23,-61,-25,-38,13,1288.31791093942,23.2384032581679,0.0180377863731032
"Ellis County",16403,201,164092,80837,83255,102697,14640,1104,41791,419,156,67371,19305,19224,9234,6962,10835,2793,36,26351,30241,26257,24817,31479,28914,3829,78597,144027,3850,672,-23,-13,-23,-7,-30,10,999.622163176754,12.2492260439266,0.0122538560019509
"Erath County",3470,42,41016,20118,20898,30923,673,314,8439,200,12,47013,7339,4006,1671,811,2761,1441,30,6570,7841,6100,6852,7604,7052,863,19076,34658,842,473,-18,-14,-23.0612244897959,-11.0555555555556,-23,7,846.011312658475,10.2399063779988,0.0121037463976945
"Falls County",1308,22,17289,8135,9154,8909,4196,32,3939,39,0,38834,3339,1441,445,180,787,264,39.2,2204,2937,3256,2179,3618,3626,372,5774,10350,183,212,-17.2477876106195,-10.86,-23.0612244897959,-11.0555555555556,-15,8.93693693693694,756.550407773729,12.7248539533808,0.0168195718654434
"Fannin County",2439,66,33787,17846,15941,26834,2189,224,3580,150,21,47875,6192,3738,1385,712,2031,538,41.9,4349,6852,7339,4081,5143,7342,731,13407,24126,727,222,-10,-10.86,-23.0612244897959,-11.0555555555556,-18,8,721.875277473585,19.5341403498387,0.027060270602706
"Fayette County",1447,43,24963,12188,12775,17951,1489,182,5098,13,0,56941,4155,3034,1211,898,1197,194,47.2,3121,3501,6075,3017,3628,6607,182,11626,21540,355,221,-13,-10.86,-23.0612244897959,4,-21,8.93693693693694,579.65789368265,17.2254937307215,0.0297166551485833
"Fort Bend County",44067,439,711421,349697,361724,244432,143866,136748,171949,1351,1091,93645,55133,62635,45866,58697,34855,9820,35.8,115632,136713,104693,110762,144734,111675,19073,339159,621715,16369,1709,-15,-5,8,-17,-35,16,619.422254895484,6.17074840354727,0.0099621031610956
"Franklin County",565,16,10639,5409,5230,8468,481,5,1479,57,0,43967,2166,1114,396,255,559,153,42.9,1644,1664,2286,1255,1706,2508,363,4397,7626,227,63,-17.2477876106195,-10.86,-23.0612244897959,38,-18,8.93693693693694,531.064949713319,15.0390074255099,0.0283185840707965
"Freestone County",988,30,19646,10224,9422,13269,3164,72,2891,30,0,45890,3838,1918,925,551,1175,270,40.6,2709,3811,4043,2537,2891,4362,326,7422,13954,198,118,-17.2477876106195,-10.86,-23.0612244897959,3,-13,8.93693693693694,502.901353965184,15.2702840272829,0.0303643724696356
"Frio County",2148,24,19110,11363,7747,3140,679,120,15006,0,81,37382,2745,1113,435,237,883,169,31.3,3089,5670,2898,2609,2529,2789,544,6859,12908,152,91,-17.2477876106195,-10.86,-23.0612244897959,-11.0555555555556,-31,8.93693693693694,1124.01883830455,12.5588697017268,0.0111731843575419
"Gaines County",1302,36,19889,10082,9807,11198,452,91,8066,28,31,58167,2456,1970,841,449,811,56,28.1,4016,3697,2515,3880,3593,2542,381,8134,15096,169,334,-17.2477876106195,-10.86,-23.0612244897959,-11.0555555555556,-22,8.93693693693694,654.633214339585,18.1004575393434,0.0276497695852535
"Galveston County",26898,251,321184,158564,162620,186380,40304,10650,76806,832,153,65702,46412,31984,18909,20150,28359,8350,37.6,47113,59968,55738,44551,61347,60383,10391,149076,270213,5410,2948,-15,-9,-1,-5,-30,9,837.463883630567,7.81483511009266,0.00933154881403822
"Gillespie County",1830,32,25939,12655,13284,19614,20,31,5849,3,0,56267,4852,3199,1528,1216,1538,596,50.2,3169,3474,6569,2871,3393,7747,620,11800,20212,724,513,-17,-20,-23.0612244897959,-11.0555555555556,-19,8,705.501368595551,12.3366359535834,0.0174863387978142
"Goliad County",299,9,7510,3778,3732,4401,400,12,2675,0,0,56737,1245,808,441,261,243,68,46.4,1087,1056,1784,853,1188,1885,206,2994,5246,157,154,-17.2477876106195,-10.86,-23.0612244897959,-11.0555555555556,-14,8.93693693693694,398.135818908123,11.9840213049268,0.0301003344481605
"Gonzales County",1962,29,20558,10400,10158,8703,1369,36,10293,14,0,47516,3660,2116,685,557,1470,342,36.9,3387,3430,3844,2978,3458,4011,480,8939,16511,275,200,-16,-10.86,-23.0612244897959,-11.0555555555556,-25,8.93693693693694,954.372993481856,14.1064305866329,0.0147808358817533
"Gray County",1773,40,22962,12143,10819,14807,981,162,6412,203,0,48314,4059,2459,1042,411,1134,409,36.7,3400,5033,3985,3316,3588,4270,492,9498,17854,70,135,-3,-10.86,-23.0612244897959,-11.0555555555556,-18,4,772.145283511889,17.4200853584183,0.0225606316976875
"Grayson County",8983,225,126146,61556,64590,96360,6995,1665,15999,1614,217,52683,22664,15358,5716,3812,11246,2969,40.2,18009,21291,24131,16924,22314,27316,4014,57373,101743,3299,1007,-8,-5,-4,-11.0555555555556,-25,8,712.111363023798,17.8364751954085,0.0250473115885562
"Gregg County",8451,221,123402,60366,63036,71967,24790,1679,22449,385,138,47970,23747,13287,5415,3166,12964,4663,35.4,19286,22700,20015,17628,23332,23895,2772,55237,102252,1523,1073,-20,-16,-29,-11.0555555555556,-20,8,684.834929741819,17.9089479911185,0.026150751390368
"Grimes County",1889,52,27358,15070,12288,16051,4259,28,6468,71,13,49745,4518,2841,1018,603,1494,190,40.4,3753,5988,5797,3412,4062,5232,607,10403,19298,399,149,-17.2477876106195,-10.86,-23.0612244897959,-11.0555555555556,-20,8,690.474449886688,19.0072373711529,0.0275277924827951
"Guadalupe County",9123,128,150889,74611,76278,77499,10668,2497,56319,304,433,66187,18581,18442,9234,5733,9954,1900,36.7,23365,28948,24170,22368,28886,26881,3268,70169,132068,2843,512,-19,-7,-1,13,-26,11,604.616638721179,8.48305708169582,0.0140304724323139
"Hale County",5668,135,34527,17906,16621,11938,1522,83,20291,23,26,46012,6172,3653,1057,335,2896,788,33,5785,7212,5282,5640,5752,5640,971,14267,26202,446,177,-4,-12,-23.0612244897959,-11.0555555555556,-20,4,1641.61380948243,39.0998349118082,0.023817925194072
"Hall County",353,11,3102,1552,1550,1760,231,15,1060,3,0,31324,868,260,86,30,324,68,43.2,467,453,706,425,460,753,168,1125,2102,10,22,-17.2477876106195,-10.86,-23.0612244897959,-9,-22.6871794871795,8.93693693693694,1137.97549967763,35.4609929078014,0.0311614730878187
"Hamilton County",546,21,8220,4062,4158,6994,55,16,987,58,0,46611,1630,941,336,250,492,42,46.4,1051,1219,1962,1038,1124,2176,114,3584,6248,189,217,-17.2477876106195,-10.86,-23.0612244897959,-11.0555555555556,-11,8.93693693693694,664.233576642336,25.5474452554745,0.0384615384615385
"Hardeman County",319,9,3990,1950,2040,2738,277,19,850,16,0,37995,923,455,98,57,221,26,43.6,514,641,843,495,698,922,121,1695,3208,0,9,-17.2477876106195,-10.86,-23.0612244897959,-14,-22.6871794871795,8.93693693693694,799.498746867168,22.5563909774436,0.0282131661442006
"Hardin County",4080,69,55993,27365,28628,48723,3151,264,3003,139,50,56131,9217,6040,3194,2288,2721,826,39.3,8013,9896,10218,7926,10063,11406,1097,24056,46008,443,221,-11,-10,-23.0612244897959,-11.0555555555556,-16,6,728.662511385352,12.3229689425464,0.0169117647058824
"Harris County",286356,3825,4525519,2251060,2274459,1386576,838285,307109,1910535,8078,9681,57791,680347,452938,214604,214924,510028,158668,33.1,716309,972577,604775,685520,958079,670145,149192,2180392,3975632,79181,32750,-21,-11,-14,-40,-34,11,632.758364289267,8.45206925437723,0.0133574990571177
"Harrison County",3575,71,66606,32517,34089,42506,14192,468,8467,209,33,48644,11964,7369,2531,1499,4110,1098,37.7,10105,11311,11796,9575,11941,13492,2128,27603,51150,1022,169,-19,-5,-15,-11.0555555555556,-20,9,536.738431973096,10.6597003272978,0.0198601398601399
"Hays County",14460,130,194843,96973,97870,107718,6784,2503,73608,428,410,62815,27469,21983,10289,8304,16475,7393,31.3,30834,41893,26398,30931,40155,28794,5566,99069,175032,6293,1939,-19,-12,-34,-18,-39,15,742.135976144896,6.67203851305923,0.00899031811894882
"Henderson County",4434,106,79687,38840,40847,62894,5224,528,9668,684,33,44888,16458,9222,3043,1736,4610,1581,43.8,10619,12282,17350,9818,13023,19556,2043,31087,57643,1230,367,-15,-4,-23.0612244897959,-11.0555555555556,-19,8,556.427020718561,13.3020442481208,0.0239061795218764
"Hidalgo County",56455,2018,839539,410383,429156,55339,3522,7953,770794,593,202,37097,141637,59050,20374,11462,47569,18751,28.9,163853,156163,97557,159914,162310,116227,27566,313678,549543,15026,3580,-26,-16,-37,-23,-37,13,672.452381604666,24.0370012590243,0.0357452838543973
"Hill County",2398,47,35098,17374,17724,25038,2210,102,7017,85,5,45970,6756,3674,1487,757,2153,600,42.5,5133,5354,7544,4687,5622,8198,1293,14579,26252,661,195,-11,-2,-23.0612244897959,-12,-16,8,683.229813664596,13.3910764146105,0.0195996663886572
"Hockley County",2049,91,23273,11505,11768,11112,849,45,10921,131,8,49184,4088,2596,890,491,1761,300,33.4,4008,4074,3648,3723,4140,4232,827,10337,19198,248,205,-14,-10.86,-23.0612244897959,-11.0555555555556,-17,4,880.419370085507,39.1011042839342,0.0444119082479258
"Hood County",5050,85,55418,27199,28219,46999,384,446,6641,482,0,60275,9245,6485,3273,2524,3539,1098,46.8,7088,8135,13040,6665,8191,14747,712,22905,42485,1015,123,-15,-3,-23.0612244897959,-11.0555555555556,-23,8,911.256270525822,15.3379768306326,0.0168316831683168
"Hopkins County",2518,86,35929,17643,18286,26577,2390,254,5859,74,35,47832,6934,4013,1424,916,2547,847,39.6,5282,6019,6899,4942,6409,7569,967,15408,28284,530,296,-14,-5,-23.0612244897959,3,-13,5,700.826630298645,23.9360961897075,0.034154090548054
"Houston County",1360,30,22849,12274,10575,14155,5694,87,2439,36,35,33552,5540,2071,543,174,1292,889,44.6,2628,4799,5228,2443,3242,5320,359,7642,14136,289,75,-17.2477876106195,-10.86,-23.0612244897959,-11.0555555555556,-18,8.93693693693694,595.212044290779,13.1296774475907,0.0220588235294118
"Howard County",4196,79,36491,20588,15903,18262,1891,288,15030,247,4,50855,5395,3549,1371,717,2466,595,36.7,5130,9132,6791,4481,6032,5836,1031,14393,27194,154,190,-27,-25,-23.0612244897959,-28,-29,9,1149.87257131896,21.6491737688745,0.0188274547187798
"Hunt County",4557,103,90322,44432,45890,65807,7044,1076,13837,716,51,49319,16072,9526,3806,2377,6161,2366,37.9,12835,16228,16744,12775,16170,18278,2690,38753,69992,1371,773,-12,-6,-23.0612244897959,5,-21,9,504.52824339585,11.4036447377162,0.0226025894228659
"Hutchinson County",1253,57,21704,10838,10866,15474,431,120,4887,286,6,50035,3897,2397,848,657,996,263,36.9,3308,3775,4037,3393,3660,4107,501,9149,17476,131,94,-17.2477876106195,-10.86,-23.0612244897959,-11.0555555555556,-14,2,577.312937707335,26.2624401032068,0.0454908220271349
"Jack County",530,12,8839,4973,3866,6889,395,11,1439,33,12,52829,1439,911,491,234,373,62,40.6,1173,2173,1745,976,1347,1637,117,3160,5802,149,30,-17.2477876106195,-10.86,-23.0612244897959,-11.0555555555556,-13,8.93693693693694,599.615341101935,13.576196402308,0.0226415094339623
"Jackson County",1284,23,14756,7214,7542,8765,1049,44,4760,0,0,58504,2131,1950,655,496,1014,347,39.2,2104,2483,2828,2226,2410,3158,332,6760,12514,283,98,-17.2477876106195,-10.86,-23.0612244897959,-10,-18,8.93693693693694,870.154513418271,15.5868799132556,0.0179127725856698
"Jasper County",1965,48,35444,17420,18024,26482,5929,180,2294,53,74,41960,6603,3455,1376,540,1809,336,40.4,4826,6038,7127,4816,5864,7899,1441,12541,22838,230,37,1,-3,-19,-11.0555555555556,-14,4,554.39566640334,13.5424895609976,0.0244274809160305
"Jefferson County",15937,263,254574,130404,124170,106135,85901,9264,49725,588,159,46315,50022,25686,11013,7299,24509,7593,36,36016,54647,42805,34480,45706,47747,7276,105319,200676,1631,710,-18,-12,-11,-21,-20,6,626.026224202,10.3309843110451,0.0165024785091297
"Jim Wells County",3417,70,41318,20134,21184,7556,214,231,33151,36,15,41103,7481,3726,1634,773,2394,780,34.5,6808,7238,6606,6605,7609,7494,919,16282,29902,506,410,-26,-8,-23.0612244897959,-11.0555555555556,-29,10,827.000338835374,16.9417687206544,0.0204858062628036
"Johnson County",14435,213,160173,79887,80286,117957,4506,1219,32475,664,91,60458,22276,19561,8779,4851,10652,2475,36.9,24640,30196,26984,23386,29531,29555,3736,72273,135221,2681,836,-14,-13,-22,-11.0555555555556,-22,8,901.213063375225,13.2981214062295,0.0147558018704538
"Jones County",2569,35,19969,12658,7311,10940,2892,59,5424,28,43,48601,2874,1763,547,451,933,156,38.6,2047,7142,3729,1889,2297,3421,220,5057,9306,139,135,-17.2477876106195,-10.86,-23.0612244897959,-11.0555555555556,-23,8.93693693693694,1286.49406580199,17.527167109019,0.0136239782016349
"Karnes County",1387,26,15051,8960,6091,5684,1316,16,7965,15,0,53051,2086,1193,532,492,789,126,35.3,2054,4558,2517,1814,1920,2565,232,5433,10222,188,48,-27,-10.86,-23.0612244897959,-11.0555555555556,-26,8.93693693693694,921.533452926716,17.2745996943725,0.0187454938716655
"Kaufman County",11450,154,114852,56347,58505,76486,11926,1239,22817,491,166,63926,14211,11628,7004,3682,5905,1691,35.7,18408,21387,17934,17800,22281,19727,3674,53146,98791,1889,260,-14,-3,-23.0612244897959,1,-23,12,996.935186152614,13.4085605823146,0.0134497816593886
"Kendall County",1890,44,40306,19568,20738,29661,278,289,9285,12,0,81023,4115,3997,2652,2927,2733,755,42.4,5521,6449,8328,5384,6657,9387,858,18640,32317,1386,420,-26,-23,-23.0612244897959,-22,-27,12,468.91281695033,10.9164888602193,0.0232804232804233
"Kerr County",3020,61,50761,24563,26198,35478,719,494,13263,101,10,48698,10490,6581,2105,1404,4114,901,47.8,6232,7046,12351,5592,7608,14326,1374,21475,38928,953,390,-14,-20,-15,-11.0555555555556,-20,8,594.944938042986,12.0170997419279,0.0201986754966887
"Kimble County",227,6,4432,2140,2292,3295,1,0,1049,21,15,41095,1178,519,142,102,291,81,52.6,555,525,1189,430,569,1463,138,2027,3592,66,65,-17.2477876106195,-10.86,-23.0612244897959,-25,-22.6871794871795,8.93693693693694,512.184115523466,13.5379061371841,0.026431718061674
"Kleberg County",1981,63,31540,16290,15250,6618,1098,632,22819,40,45,41700,6376,2773,1160,649,3285,1149,27.9,5786,6521,4351,4680,6161,4860,1466,13683,24572,250,934,-13,-9,-25,-7,-33,10,628.091312618897,19.9746353836398,0.0318021201413428
"La Salle County",814,15,7418,4347,3071,1308,92,10,5928,0,0,44601,1368,532,90,296,287,66,33.9,1165,1856,1451,766,1117,1250,155,2716,4974,85,41,-17.2477876106195,-10.86,-23.0612244897959,-12,-22.6871794871795,8.93693693693694,1097.33081693179,20.2210838500944,0.0184275184275184
"Lamar County",4956,112,49401,23876,25525,37039,6093,437,3689,152,7,42198,10815,5358,1890,1022,4490,1386,40.4,6882,8360,9347,6627,8692,11071,1259,21134,38180,663,491,-13,4,-23.0612244897959,2,-15,6,1003.21855832878,22.6716058379385,0.0225988700564972
"Lamb County",1799,73,13368,6832,6536,5319,484,72,7347,39,0,43712,2724,1386,456,224,919,101,35.6,2350,2288,2359,1926,2192,2667,210,5671,10150,198,109,-17.2477876106195,-10.86,-23.0612244897959,-11.0555555555556,-17,8.93693693693694,1345.75104727708,54.6080191502095,0.0405780989438577
"Lampasas County",913,17,20473,10144,10329,14916,621,226,3935,84,40,54467,3521,2566,989,672,1377,400,41.8,2853,3454,4164,2700,3456,4542,689,8612,16006,239,234,-21,-10.86,-23.0612244897959,-11.0555555555556,-23,9,445.953206662433,8.30361940116251,0.0186199342825849
"Lavaca County",1862,62,19859,9596,10263,14750,1312,74,3593,8,3,51708,3719,2274,923,768,1316,157,43.9,2657,2909,4399,2735,2939,5116,263,8843,16574,285,137,-17.2477876106195,-10.86,-23.0612244897959,-11.0555555555556,-18,8.93693693693694,937.610151568558,31.2201017171056,0.033297529538131
"Lee County",1182,34,16850,8476,8374,10731,1853,144,3916,0,27,55741,2755,2096,779,488,698,283,41.3,2432,2779,3484,2196,2813,3612,372,7894,14170,518,122,-17,-10.86,-23.0612244897959,-11.0555555555556,-19,8.93693693693694,701.483679525223,20.1780415430267,0.0287648054145516
"Leon County",875,28,16966,8485,8481,12986,1218,126,2405,99,6,44875,3356,1691,776,422,905,195,44.7,2284,2508,4063,2086,2561,4209,500,6574,11072,321,263,-17.2477876106195,-10.86,-23.0612244897959,-11.0555555555556,-19,8.93693693693694,515.737357067075,16.5035954261464,0.032
"Liberty County",5116,111,79884,39491,40393,52576,7972,454,17488,269,65,48344,13250,7969,3154,1601,4704,1118,35.8,11889,15226,13293,11371,15887,13907,2413,28685,53578,606,278,-6,13,-23.0612244897959,4,-16,7,640.428621501177,13.8951479645486,0.0216966379984363
"Limestone County",1420,34,23480,12071,11409,13905,4140,156,4994,66,50,40356,4808,2145,748,399,1335,364,39.5,3244,4628,4709,3034,3693,5046,1009,8824,16248,315,112,-17.2477876106195,-10.86,-23.0612244897959,-11.0555555555556,-26,8.93693693693694,604.770017035775,14.4804088586031,0.023943661971831
"Live Oak County",967,16,12043,6548,5495,6941,293,78,4669,0,0,51480,1719,1113,474,280,307,115,42.3,1405,2728,2571,1354,1697,2632,169,4301,7738,243,75,-17.2477876106195,-10.86,-23.0612244897959,-19,-32,8.93693693693694,802.956074067923,13.2857261479698,0.0165460186142709
"Llano County",805,30,20195,9848,10347,17593,150,77,1983,28,1,50524,4295,2391,1071,924,1438,378,57.1,1801,2491,6174,1650,2352,7177,689,7660,12930,696,190,-17.2477876106195,-10.86,-8,-11.0555555555556,-16,6,398.613518197574,14.8551621688537,0.0372670807453416
"Lubbock County",45600,648,298042,147080,150962,162449,20465,6110,102770,1051,320,49078,55998,32546,12632,9099,31245,13212,30.7,47508,61658,40980,46345,59973,48433,7318,145154,270679,3626,2745,-11,-11,0,-30,-17,7,1529.98570671248,21.7419021480194,0.0142105263157895
"Lynn County",571,18,5785,2957,2828,2853,77,15,2728,27,0,44922,1155,508,327,157,316,88,38.1,947,956,1141,813,936,1185,214,2419,4454,64,66,-17.2477876106195,-10.86,-23.0612244897959,-11.0555555555556,-21,8.93693693693694,987.035436473639,31.1149524632671,0.031523642732049
"Madison County",1162,21,13979,8649,5330,7794,2428,159,3134,17,0,44004,2325,993,600,256,673,170,35.2,1732,4802,2271,1314,1769,2455,138,4249,7440,138,304,-17.2477876106195,-10.86,-23.0612244897959,-11.0555555555556,-11,8.93693693693694,831.246870305458,15.0225338007011,0.0180722891566265
"Marion County",401,20,10140,5025,5115,7187,2402,0,394,34,0,36938,2832,1073,294,258,583,215,49.8,1243,1275,2844,958,1630,2808,434,3635,6600,192,38,-17.2477876106195,-10.86,-23.0612244897959,-11.0555555555556,-17,8.93693693693694,395.463510848126,19.723865877712,0.0498753117206983
"Martin County",569,18,5547,2856,2691,2977,36,0,2500,26,0,71115,596,507,236,296,196,28,31.7,1013,1016,925,961,962,818,50,2527,4664,84,86,-17.2477876106195,-10.86,-23.0612244897959,-11.0555555555556,-27,8.93693693693694,1025.77970073914,32.4499729583559,0.031634446397188
"Matagorda County",2602,72,36744,18249,18495,16503,3741,731,15230,160,0,44896,7467,3898,1738,708,3127,815,37.2,5556,6097,7058,5402,6256,7400,1093,16009,29450,332,349,-14,-11,-23.0612244897959,-11.0555555555556,-23,6,708.142826039626,19.5950359242325,0.0276710222905457
"Maverick County",8320,223,57471,28522,28949,1521,129,253,54767,666,64,37734,9836,4338,1472,770,3768,815,29.6,11029,10785,7294,10585,10355,8713,3114,21113,39850,278,395,-36,-25,18,-45,-39,14,1447.68665935863,38.802178490021,0.0268028846153846
"McCulloch County",467,12,8145,4171,3974,5067,161,0,2571,1,202,42367,1735,973,290,145,381,227,43.5,1163,1354,1765,911,1334,1885,122,3658,6566,61,104,-17.2477876106195,-10.86,-23.0612244897959,-11.0555555555556,-18,8.93693693693694,573.357888275015,14.7329650092081,0.0256959314775161
"McLennan County",21894,344,245720,119894,125826,139446,34865,3713,63010,465,269,46262,47020,24680,10080,6428,24409,9523,33.2,39317,45625,37522,38167,46854,44078,6057,112592,207085,4002,1830,-19,-10,-35,-12,-24,10,891.014162461338,13.9996744261761,0.0157120672330319
"McMullen County",70,2,600,321,279,292,0,0,303,5,0,71389,78,61,14,41,44,0,42,91,108,144,79,77,151,72,202,288,11,11,-17.2477876106195,-10.86,-23.0612244897959,-60,-22.6871794871795,8.93693693693694,1166.66666666667,33.3333333333333,0.0285714285714286
"Medina County",3253,62,48548,25073,23475,21624,1140,303,24884,163,0,59305,6556,4517,2543,1538,2047,272,38.8,7229,9244,9404,6513,7939,9716,1176,20958,38461,617,386,-15,-16,-23.0612244897959,2,-29,13,670.058498805306,12.7708659471039,0.0190593298493698
"Midland County",13334,202,159883,80338,79545,75630,9374,2913,69124,608,146,75815,17786,16725,10032,10502,14078,3216,31.8,26472,33479,21665,24696,31568,24955,2941,80471,151573,1929,671,-27,-28,-30,-24,-26,10,833.984851422603,12.6342387871131,0.0151492425378731
"Milam County",1577,19,24479,12194,12285,15408,2063,122,6306,34,10,41768,5383,2678,943,433,1983,420,41.5,3869,3706,5061,3148,3947,5679,551,9527,17738,439,53,-17.2477876106195,-10.86,-23.0612244897959,-11.0555555555556,-16,8,644.225662813023,7.76175497365088,0.0120481927710843
"Mitchell County",535,21,8774,5417,3357,4270,902,33,3446,30,0,52194,1201,892,429,117,468,55,34.6,1033,2999,1468,910,1083,1494,193,2801,5233,94,22,-17.2477876106195,-10.86,-23.0612244897959,-11.0555555555556,-24,8.93693693693694,609.756097560976,23.9343514930476,0.0392523364485981
"Montague County",1713,46,19406,9512,9894,16748,41,19,2072,50,0,46592,4302,2329,942,471,1385,362,44,2385,3067,4386,2594,2958,4804,558,7938,14604,315,127,-17.2477876106195,-10.86,-23.0612244897959,-11.0555555555556,-18,8.93693693693694,882.716685561167,23.70400906936,0.0268534734384121
"Montgomery County",33006,326,535187,265034,270153,363190,23915,14823,122934,746,673,74323,62643,55318,31323,37577,39935,9721,36.7,82971,101441,87673,78904,102412,94353,12775,249640,453600,13394,2304,-15,-1,13,-3,-27,9,616.719015970119,6.09132882525173,0.00987699206204933
"Moore County",2116,57,22016,11466,10550,7410,700,1735,11920,59,0,52469,3162,2383,797,383,1999,281,30.5,4261,4466,3009,3780,3901,3001,456,10591,20161,65,240,-19,-10.86,-23.0612244897959,2,-9,4,961.119186046512,25.890261627907,0.026937618147448
"Morris County",672,15,12530,6022,6508,8159,2953,13,1148,46,0,40227,2991,1329,490,214,925,211,42.9,1750,1914,2642,1559,2152,3129,553,5044,9182,197,35,-17.2477876106195,-10.86,-23.0612244897959,-11.0555555555556,-18,8.93693693693694,536.312849162011,11.9712689545092,0.0223214285714286
"Nacogdoches County",3506,111,65411,31297,34114,39199,11221,1072,12372,172,17,41482,13744,6328,2492,1261,6627,2716,30.6,10416,11824,9885,10945,12631,11462,2670,28199,50725,776,1013,-13,-11,-23.0612244897959,14,-23,6,535.995474767241,16.9696228463103,0.0316600114090131
"Navarro County",4798,71,48239,23726,24513,27631,6323,302,12647,153,25,45103,9503,5065,1763,995,3650,903,38.9,7542,8057,9035,6988,8394,9895,2116,20325,37054,855,190,-14,-17,-23.0612244897959,-14,-20,8,994.630900308879,14.7183813926491,0.0147978324301792
"Newton County",469,20,14187,7436,6751,10442,3024,12,490,28,0,40180,2741,1450,427,163,337,52,43.5,1853,2641,3168,1793,1950,3342,650,4971,9244,105,14,-17.2477876106195,-10.86,-23.0612244897959,-11.0555555555556,-12,8.93693693693694,330.584337774018,14.0974131246916,0.0426439232409382
"Nolan County",1399,38,14990,7629,7361,8548,733,42,5456,59,0,42019,3119,1653,549,231,1329,171,38.8,2632,2449,2691,1865,2596,3150,483,6316,11612,94,164,-23,-10.86,-23.0612244897959,-12,-15,8.93693693693694,933.288859239493,25.3502334889927,0.0271622587562545
"Nueces County",31926,517,358484,176836,181648,108703,12915,6823,225811,806,229,53317,60591,39294,17582,11390,39240,11645,35.1,53970,69354,57600,51608,69247,65779,10442,165116,308220,3736,2750,-16,-11,-12,-39,-28,9,890.583680164247,14.4218430948104,0.0161936979264549
"Ochiltree County",965,19,10484,5353,5131,4662,18,20,5553,69,0,50120,1770,1098,463,218,770,57,31.7,1983,1957,1527,1872,1919,1452,386,4679,8686,51,90,-17.2477876106195,-10.86,-23.0612244897959,-11.0555555555556,-15,8.93693693693694,920.450209843571,18.1228538725677,0.0196891191709845
"Oldham County",167,2,2083,1208,875,1579,117,2,322,1,0,62426,233,193,45,110,47,10,29.9,584,295,344,262,270,368,31,776,1302,34,78,-17.2477876106195,-10.86,-23.0612244897959,13,-22.6871794871795,8.93693693693694,801.728276524244,9.60153624579933,0.0119760479041916
"Orange County",5946,81,83909,41505,42404,68273,6928,946,5946,240,78,53667,15220,9661,4547,2844,5346,1475,37.7,12318,15166,15005,11329,15454,16949,2349,36743,68417,605,625,-7,-6,-17,-7,-16,6,708.6248197452,9.6533149006662,0.0136226034308779
"Palo Pinto County",2298,50,28109,13904,14205,21203,681,177,5539,175,34,45067,5690,2796,1288,667,1830,934,41,3985,4580,5873,3622,4668,6500,1001,11724,20632,519,243,-3,-8,-23.0612244897959,-11.0555555555556,-19,7,817.53175139635,17.7878971148031,0.0217580504786771
"Panola County",1228,49,23574,11635,11939,17311,3844,150,2017,12,0,49704,4549,2703,1124,656,1225,238,38.7,3267,4190,4574,3186,4098,5181,391,9855,18628,165,179,-17.2477876106195,-10.86,-23.0612244897959,-16,-18,6,520.912870111139,20.7856112666497,0.0399022801302932
"Parker County",11314,115,125963,62545,63418,106370,1642,613,14461,622,132,70608,15502,13599,7968,6873,6983,1764,39.6,18146,22048,24316,17324,22485,25455,3417,58626,106716,2960,550,-12,-7,-21,-8,-17,10,898.200265157229,9.12966506037487,0.0101643980908609
"Parmer County",1113,32,9871,5065,4806,3468,161,22,6161,14,0,50410,1591,1014,464,153,679,106,34.1,1738,1837,1635,1528,1740,1649,126,4411,7901,125,72,-17.2477876106195,-10.86,-23.0612244897959,-11.0555555555556,-12,8.93693693693694,1127.54533481917,32.418194711782,0.0287511230907457
"Pecos County",1313,26,15804,9058,6746,4094,654,66,10822,87,20,50543,2190,1440,612,178,975,120,36.2,2298,4078,2833,2210,2335,2401,233,6103,11305,185,99,-35,-10.86,-23.0612244897959,-8,-28,8.93693693693694,830.802328524424,16.4515312579094,0.0198019801980198
"Polk County",2492,70,46974,25288,21686,33325,4895,289,6946,694,42,43267,9868,4915,1851,998,2606,834,43.4,6000,9359,10708,5491,6435,10480,1664,17988,32231,706,292,3,5,-23.0612244897959,-13,-12,5,530.506237493081,14.9018606037382,0.0280898876404494
"Potter County",15947,302,121230,62467,58763,54757,11301,6343,45560,328,89,41852,25154,12058,3824,2417,13076,4276,33.6,19463,26156,18098,18449,22303,19592,2337,52859,99156,1176,876,-15,-11,-22,1,-18,5,1315.43347356265,24.911325579477,0.018937731234715
"Presidio County",615,19,7191,3558,3633,979,0,358,5854,0,0,26486,1901,400,281,7,770,90,41.4,1247,1039,1338,1190,1053,1597,264,2426,3516,155,417,-17.2477876106195,-10.86,-23.0612244897959,-11.0555555555556,-28,8.93693693693694,855.235711305799,26.4219162842442,0.0308943089430894
"Rains County",632,20,11246,5722,5524,9653,172,9,973,109,0,48308,2222,1497,308,306,677,155,47.6,1437,1759,2825,1211,1652,3020,279,4601,8314,159,96,-17.2477876106195,-10.86,-23.0612244897959,-11.0555555555556,-16,8.93693693693694,561.977592032723,17.7841010136938,0.0316455696202532
"Randall County",15104,208,130552,64149,66403,95851,3596,1906,26314,517,90,65564,18319,16531,8758,5510,11176,2655,35.6,19549,24940,21312,18516,25055,24799,2654,68640,127864,2013,884,-8,-9,-23.0612244897959,-11.0555555555556,-21,6,1156.93363563944,15.9323487958821,0.013771186440678
"Reagan County",358,7,3735,1986,1749,1078,27,0,2620,0,0,59760,439,391,258,83,281,24,33,663,754,614,554,649,570,71,1752,3250,42,23,-17.2477876106195,-10.86,-23.0612244897959,-24,-22.6871794871795,8.93693693693694,958.500669344043,18.7416331994645,0.0195530726256983
"Red River County",549,31,12353,5803,6550,9035,2176,1,897,27,0,35356,3409,1226,433,150,832,152,45.6,1313,1913,2842,1580,2011,3189,470,4770,8584,199,134,-17.2477876106195,-10.86,-23.0612244897959,-11.0555555555556,-8,8.93693693693694,444.426455112119,25.0951185946734,0.0564663023679417
"Reeves County",1522,33,14791,8938,5853,2693,661,168,11096,54,34,49390,1886,1278,372,195,721,173,35.4,2405,4456,2173,1771,2153,2094,448,5140,9430,146,95,-49,-35,-23.0612244897959,-27,-41,8.93693693693694,1029.00412412954,22.3108647150294,0.0216819973718791
"Refugio County",536,17,7293,3617,3676,3084,363,5,3626,8,0,50338,1337,900,316,141,365,150,42.3,1047,1128,1633,933,1184,1717,254,2961,5494,60,65,-17.2477876106195,-10.86,-23.0612244897959,-11,-31,8.93693693693694,734.951323186617,23.3100233100233,0.0317164179104478
"Robertson County",1069,25,16727,8291,8436,9682,3299,45,3382,41,10,52189,3008,2157,847,286,964,364,41.4,2467,2587,3554,2252,2722,3722,603,7180,12974,242,177,-17.2477876106195,-10.86,-23.0612244897959,-17,-22,8.93693693693694,639.08650684522,14.9458958569977,0.0233863423760524
"Rockwall County",8222,78,90414,44463,45951,65357,5437,2195,15419,201,41,93269,7517,8894,6800,7154,4395,1321,37.2,14658,16864,14022,13779,17526,15792,2306,44335,79582,2575,213,-5,-16,-23.0612244897959,-11,-30,13,909.372442320879,8.62698254695069,0.00948674288494284
"Runnels County",1085,28,10266,5050,5216,6394,134,109,3474,37,5,41226,2168,978,421,214,776,167,41.1,1327,1684,2185,1393,1651,2413,139,4184,7744,117,109,-17.2477876106195,-10.86,-23.0612244897959,-11.0555555555556,-16,8.93693693693694,1056.88681083187,27.2744983440483,0.0258064516129032
"Rusk County",3065,65,53026,27810,25216,34304,9029,243,8559,101,30,49270,9090,5587,2057,1248,2799,724,38.5,7154,11440,9939,7001,8588,10508,1219,20340,38206,654,184,-14,-9,-23.0612244897959,-11.0555555555556,-17,8,578.018330630257,12.2581375174443,0.0212071778140294
"Sabine County",452,28,10429,5232,5197,8977,789,10,422,0,52,33561,2537,954,154,166,190,165,52.1,1136,1409,3026,1049,1314,3088,259,3379,5844,131,110,-17.2477876106195,-10.86,-23.0612244897959,-11.0555555555556,-17,8.93693693693694,433.406846293988,26.8482117173267,0.0619469026548673
"San Augustine County",496,26,8403,4154,4249,5783,1746,0,584,128,0,32394,2054,800,194,154,310,124,48.9,1080,1090,2212,990,1171,2303,385,2493,4634,73,21,-17.2477876106195,-10.86,-23.0612244897959,-11.0555555555556,-31,8.93693693693694,590.265381411401,30.9413304772105,0.0524193548387097
"San Jacinto County",634,21,27436,13563,13873,20537,2932,2,3433,131,0,43421,5079,2827,1084,424,1047,286,44.2,3615,4153,6207,3457,4193,6885,708,10221,18558,261,106,-17.2477876106195,-10.86,-23.0612244897959,-11.0555555555556,-18,7,231.083248286922,7.65417699373086,0.0331230283911672
"San Patricio County",3450,111,66867,33592,33275,26351,992,669,38004,115,10,53332,10916,7287,3074,1969,5666,1206,35.1,11035,12315,11297,10068,12057,11970,1482,28869,53682,908,426,-12,-9,-31,-9,-21,7,515.94957153753,16.6001166494683,0.0321739130434783
"Scurry County",2270,46,17346,9446,7900,9306,784,38,6891,21,30,54565,2711,1930,725,472,1079,150,35.6,2973,3745,3039,2454,2549,3140,327,6772,12850,108,69,-17.2477876106195,-10.86,-23.0612244897959,-11.0555555555556,-24,8.93693693693694,1308.65905684308,26.5190822091548,0.0202643171806167
"Shelby County",1278,45,25689,12740,12949,15961,4837,140,4580,40,7,38121,5787,2257,680,494,1502,493,37.4,4073,4344,4701,3736,4379,5302,755,9432,17688,260,158,-17.2477876106195,-10.86,-23.0612244897959,-11.0555555555556,-18,8.93693693693694,497.489197711083,17.517225271517,0.0352112676056338
"Sherman County",118,11,3067,1590,1477,1712,8,0,1327,7,0,54961,484,341,157,81,110,42,39.8,463,582,594,398,577,555,24,1604,2930,38,72,-17.2477876106195,-10.86,-23.0612244897959,-1,-22.6871794871795,8.93693693693694,384.740789044669,35.8656667753505,0.0932203389830508
"Smith County",15406,309,222277,107355,114922,134122,38746,3497,42128,730,246,50742,38355,22954,9756,6736,18638,5842,36.6,33409,39359,37721,31585,42591,44701,6803,98488,180546,3332,938,-17,-10,-22,-1,-21,9,693.099151059264,13.9015732621909,0.0200571206023627
"Somervell County",883,8,8650,4155,4495,6804,51,0,1648,30,6,52346,1556,957,357,364,573,210,40.6,1003,1536,1760,1235,1511,1843,105,3671,6804,48,42,-17.2477876106195,-10.86,-23.0612244897959,-11.0555555555556,-15,8.93693693693694,1020.80924855491,9.2485549132948,0.00906002265005663
"Starr County",7460,214,63420,30815,32605,403,24,57,62903,9,10,27133,11681,3148,999,492,2545,836,28.8,12189,11660,7403,12179,11936,9536,3772,21423,36590,1067,913,-21,-3,-43,-11.0555555555556,-41,11,1176.28508356985,33.7432986439609,0.028686327077748
"Stephens County",629,19,9365,4826,4539,6756,204,44,2176,58,20,45862,1862,961,329,209,491,71,39.2,1330,1807,1821,1099,1457,2117,182,3730,6798,84,55,-17.2477876106195,-10.86,-23.0612244897959,-11.0555555555556,-13,8.93693693693694,671.649759743727,20.2883075280299,0.0302066772655008
"Swisher County",682,14,7541,3955,3586,3584,429,14,3253,41,13,37883,1683,703,139,77,521,182,35.6,1140,1519,1408,1031,1148,1562,170,2704,4628,115,85,-17.2477876106195,-10.86,-23.0612244897959,-11.0555555555556,-12,8.93693693693694,904.389338284047,18.5651770322238,0.0205278592375367
"Tarrant County",195518,1798,1983675,971142,1012533,959103,308577,100560,559025,5443,3539,62532,272261,222134,105868,89658,200414,56570,34.2,310804,397838,283017,301525,412210,318941,55237,974947,1787572,41118,11867,-24,-12,-16,-42,-34,12,985.635247709428,9.06398477573191,0.00919608424799763
"Taylor County",13275,263,135371,66258,69113,87366,10018,2612,32219,670,192,49161,24976,15069,6137,3261,14368,4107,32.2,21039,26454,20226,20282,26376,24303,2917,62872,120936,3142,1423,-15,-8,-23.0612244897959,11,-20,7,980.638393747553,19.4280902113451,0.0198116760828625
"Terry County",1475,46,12755,6753,6002,5203,592,0,6858,31,0,42441,2331,1233,358,220,782,212,34.6,2161,2639,2084,1858,1995,2295,474,4556,8468,120,48,-17.2477876106195,-10.86,-23.0612244897959,-11.0555555555556,-18,8.93693693693694,1156.40925127401,36.0642885143081,0.0311864406779661
"Titus County",3137,60,32664,16055,16609,15121,2970,253,13749,75,13,46980,5643,3363,1077,592,2754,483,34,5644,5713,5070,5415,6008,5601,935,14307,27018,240,83,-6,0,-23.0612244897959,-11.0555555555556,-22,7,960.384521185403,18.3688464364438,0.0191265540325151
"Tom Green County",11547,204,116906,57848,59058,63505,4682,1338,45407,215,137,49662,21675,13279,4820,3307,11588,2915,34,17408,23102,18837,16795,21934,22320,2114,53414,100395,2036,2268,-23,-19,-38,-11.0555555555556,-25,9,987.716627033685,17.4499170273553,0.0176669264744089
"Travis County",61468,626,1176584,593319,583265,580292,92653,74442,398398,1875,2250,68350,163905,135787,71493,76376,156595,47652,33.6,160894,290335,152380,154487,273210,164530,30087,645807,1109572,53160,12246,-36,-19,-51,-61,-49,20,522.427637975699,5.32048710504307,0.0101841608641895
"Trinity County",503,12,14481,6959,7522,11454,1382,52,1347,44,0,37398,3910,1384,372,268,787,212,48.5,1707,1990,3560,1709,2091,4187,562,4946,8854,237,84,-17.2477876106195,-10.86,-23.0612244897959,-11.0555555555556,-14,8.93693693693694,347.351702230509,8.28672053035011,0.0238568588469185
"Tyler County",999,19,21456,11726,9730,17081,2313,73,1564,21,62,44396,3976,2157,752,427,530,315,43,2943,4571,4546,2102,3005,5136,709,6746,11772,325,67,-17.2477876106195,-10.86,-23.0612244897959,-11.0555555555556,-9,8.93693693693694,465.604026845638,8.85533184190902,0.019019019019019
"Upshur County",2595,42,40506,20035,20471,32704,3611,91,3263,298,136,48796,7186,4206,1902,767,2112,508,40.7,5819,6707,8058,5340,6847,9066,1515,16720,30576,650,109,-13,-10.86,-23.0612244897959,-11.0555555555556,-19,7,640.645830247371,10.3688342467783,0.0161849710982659
"Uvalde County",2733,48,27015,13188,13827,7325,40,275,19158,108,0,40781,5061,2504,728,331,1401,404,33.8,4312,4813,4344,4550,4625,5058,726,11605,21454,333,123,-23,-10.86,-23.0612244897959,-11.0555555555556,-30,8,1011.66018878401,17.7679067184897,0.017563117453348
"Val Verde County",6331,158,48976,24836,24140,7811,534,269,39855,64,0,44609,8417,4081,1815,876,4205,815,31.7,8721,9633,7150,7908,8770,8173,1323,18667,35556,695,598,-30,-22,-16,-11.0555555555556,-39,12,1292.67396275727,32.2606991179353,0.0249565629442426
"Van Zandt County",3154,77,53607,26307,27300,45206,1406,249,5510,294,22,50061,9659,6001,2386,1308,3019,682,43.3,7276,8488,11339,7011,8749,12508,1407,22384,40470,1405,218,-15,-6,-29,-8,-20,8,588.355998283806,14.3637957729401,0.0244134432466709
"Victoria County",6672,134,91518,44790,46728,41590,5331,971,42139,137,171,55740,14720,9853,5071,3090,8439,2057,35.7,13907,16616,15525,13346,16815,17776,2299,43077,80036,1744,336,-18,-7,-23.0612244897959,22,-19,6,729.036910771651,14.6419283638191,0.020083932853717
"Walker County",7008,93,70818,41435,29383,40319,16198,859,12584,245,28,41456,12317,5965,2016,996,5423,2913,35.2,8404,21148,12553,8617,11448,9992,836,24044,43218,900,938,-6,0,-50,5,-26,6,989.578920613403,13.1322545115649,0.0132705479452055
"Waller County",2659,27,48443,24209,24234,20853,12041,351,14230,36,66,53506,6953,4282,1944,1519,3044,1193,28.8,8542,9004,7125,8967,8279,7314,1836,21837,38502,941,824,-11,0,-23.0612244897959,11,-22,9,548.892512850154,5.57356067956155,0.010154193305754
"Ward County",953,13,11498,5790,5708,4758,553,32,6001,64,15,63333,1541,1604,464,345,758,195,33.6,1840,2345,1805,1805,2028,2079,312,4823,8682,195,70,-40,-44,-23.0612244897959,56,-31,8.93693693693694,828.839798225778,11.3063141415898,0.0136411332633788
"Washington County",1668,69,34667,17199,17468,22344,5882,612,5372,93,0,55793,5599,4136,1475,995,1834,516,42,5249,5183,7350,4532,5425,7984,979,14897,27982,523,147,-11,-4,-23.0612244897959,-11.0555555555556,-20,8,481.149219719041,19.9036547725503,0.0413669064748201
"Webb County",34690,513,269624,131657,137967,9382,736,1343,257482,154,175,40442,42455,18346,7535,4043,15818,6546,28.4,53830,51032,28761,52437,52720,35079,6156,102713,190495,2690,1699,-31,-20,-59,-30,-35,14,1286.60653354301,19.0264961576121,0.0147881233784952
"Wharton County",2988,84,41430,20355,21075,18756,5725,38,16682,28,33,50145,7580,4681,1786,1177,3316,860,37.3,6219,7187,7467,6350,6935,8483,1044,18767,35550,503,97,-13,-5,-23.0612244897959,-4,-20,6,721.216509775525,20.2751629254164,0.0281124497991968
"Wichita County",13325,260,131778,68339,63439,87142,13018,2668,24423,773,477,45776,26169,14729,4930,2700,13020,4295,34.2,21003,27699,21134,17304,23593,24411,2788,55552,104546,2408,4607,-15,-14,-23.0612244897959,6,-16,6,1011.17030156779,19.7301522257129,0.0195121951219512
"Wilbarger County",1707,41,12972,6415,6557,7708,1034,119,3710,95,15,43913,2740,1771,453,191,1455,170,37.2,1861,2227,2447,1783,2291,2725,388,6329,11996,51,109,-17.2477876106195,-10.86,-23.0612244897959,-11.0555555555556,-22,8.93693693693694,1315.9111933395,31.6065371569534,0.0240187463386057
"Willacy County",1970,69,21839,11821,10018,2415,142,22,19208,2,0,29104,3906,1218,441,172,827,252,33.4,3591,5378,3090,2938,3816,3603,1087,6415,11744,181,315,-17.2477876106195,-24,-23.0612244897959,-11.0555555555556,-37,8.93693693693694,902.055954942992,31.5948532441962,0.0350253807106599
"Williamson County",29796,269,508313,250106,258207,309652,30364,30611,122387,962,896,79123,48936,57453,34954,28708,41977,8828,35.8,78195,106067,71033,75188,107228,80809,12800,254840,452730,19326,2159,-27,-14,-43,-26,-43,18,586.174266642797,5.2920149592869,0.00902805745737683
"Wilson County",2790,41,47205,23703,23502,27225,634,163,18488,85,57,71942,5500,5228,3026,2001,1723,249,40.4,7027,8270,9075,6612,8100,9302,1330,21002,37900,1325,238,-16,-3,-23.0612244897959,-11.0555555555556,-28,12,591.039084842707,8.68552060163118,0.0146953405017921
"Winkler County",639,15,7777,3968,3809,2870,181,0,4619,67,0,55000,1238,716,352,218,303,118,32.6,1405,1515,1110,1351,1361,1183,140,3267,6024,79,47,-17.2477876106195,-50,-23.0612244897959,76,-38,8.93693693693694,821.653593930822,19.2876430500193,0.0234741784037559
"Wise County",5384,84,63247,31766,31481,49012,752,314,11859,239,8,59081,9057,7084,3641,1909,3378,961,38.5,9301,11437,12184,8841,11132,12311,1758,27736,50324,1552,268,-9,0,-23.0612244897959,-2,-22,9,851.265672680127,13.2812623523645,0.0156017830609212
"Wood County",2553,85,43315,21523,21792,36029,2389,38,4167,260,49,48038,8327,5165,1627,1003,1881,684,48.1,5598,6116,10817,4861,5944,12107,1343,15960,28331,873,391,-14,-4,-23.0612244897959,-11.0555555555556,-13,7,589.403209049983,19.6236869444765,0.0332941637289463
"Yoakum County",801,24,8481,4286,4195,2813,0,3,5516,13,0,62500,1036,932,486,198,462,28,31.7,1574,1586,1236,1588,1485,1290,306,3755,7034,50,138,-17.2477876106195,-10.86,-23.0612244897959,-11.0555555555556,-31,8.93693693693694,944.464096215069,28.2985496993279,0.0299625468164794
"Young County",1685,32,18166,8922,9244,14306,271,75,3283,94,0,46351,3701,2014,1000,351,967,250,41.5,2691,2744,3764,2595,2772,4246,391,8248,14912,494,49,-17.2477876106195,-10.86,-23.0612244897959,-11.0555555555556,-19,8.93693693693694,927.556974567874,17.6153253330397,0.0189910979228487
"Zapata County",1338,20,14415,7190,7225,753,0,102,13560,0,0,34550,2889,1058,365,145,603,221,29.4,2850,2587,1930,2444,2780,2276,731,5146,9052,97,214,-17.2477876106195,-10.86,-23.0612244897959,-11.0555555555556,-36,8.93693693693694,928.199791883455,13.8744363510232,0.0149476831091181
"Zavala County",1208,28,12152,6163,5989,660,61,4,11374,11,0,25988,2588,738,164,46,510,353,30.8,2175,2372,1761,2079,1989,2137,495,4397,7722,238,90,-17.2477876106195,-10.86,-23.0612244897959,-11.0555555555556,-32,8.93693693693694,994.075049374589,23.0414746543779,0.0231788079470199
